﻿country;state;generación eléctrica(GWh);Latitud;Longitud;Generacion solar fotovoltaica(GWh)
Spain;Andalucía;36351;375.443;-47.278;5844
Spain;Aragón;20387;416.561;-0.8773;2851
Spain;Asturias;12372;433.614;-58.593;1
Spain;Cantabria;1484;431.828;-39.878;4
Spain;Castilla La Mancha;25506;398.628;-40.273;5965
Spain;Castilla y León;23129;418.357;-43.976;1977
Spain;Cataluña;41645;415.912;15.209;415
Spain;Ceuta;195;358.881;-53.160;0
Spain;Madrid;937;404.168;-37.038;80
Spain;Comunidad Valenciana;18937;394.699;-0.3763;565
Spain;Extremadura;26246;394.937;-60.679;6952
Spain;Galicia;22415;425.751;-81.339;22
Spain;Islas Baleares;5424;395.342;28.577;268
Spain;Islas Canarias;8531;282.916;-166.291;314
Spain;La Rioja;2321;422.871;-25.396;147
Spain;Melilla;196;352.923;-29.381;0
Spain;Murcia;11652;379.922;-11.307;2103
Spain;Navarra;9191;426.954;-16.761;295
Spain;País Vasco;9374;432.630;-29.340;63